{
    "customers": [{
            "customer_mobile": "81112222",
            "customer_name": "Chantel",
            "customer_address": "Admiralty"
        },
        {
            "customer_mobile": "87777777",
            "customer_name": "Hello",
            "customer_address": "81 Victoria St"
        },
        {
            "customer_mobile": "91222222",
            "customer_name": "Agnes Lam",
            "customer_address": "Singapore Management University, Singapore"
        },
        {
            "customer_mobile": "91239123",
            "customer_name": "Super User",
            "customer_address": "Singapore Management University"
        },
        {
            "customer_mobile": "81818181",
            "customer_name": "81818181",
            "customer_address": "81818181"
        },
        {
            "customer_mobile": "85858585",
            "customer_name": "85858585",
            "customer_address": "85858585"
        },
        {
            "customer_mobile": "96969696",
            "customer_name": "96969696",
            "customer_address": "96969696"
        },
        {
            "customer_mobile": "97979797",
            "customer_name": "97979797",
            "customer_address": "97979797"
        }
    ]
}